{
    "N_IHC_TMA": {
        "1": {
            "topk_acc": 0.27050359712230215,
            "precision@k": 0.27050359712230215,
            "recall@k": 0.004593551488485685,
            "mAP": 0.3459892494167931
        },
        "3": {
            "topk_acc": 0.4633093525179856,
            "precision@k": 0.22877697841726619,
            "recall@k": 0.011661146770229404,
            "mAP": 0.3459892494167931
        },
        "5": {
            "topk_acc": 0.5453237410071943,
            "precision@k": 0.20057553956834534,
            "recall@k": 0.017023131053004084,
            "mAP": 0.3459892494167931
        },
        "9": {
            "topk_acc": 0.6388489208633094,
            "precision@k": 0.17282174260591526,
            "recall@k": 0.026218219544593285,
            "mAP": 0.3459892494167931
        }
    },
    "N_PanNuke": {
        "1": {
            "topk_acc": 0.4280382962094568,
            "precision@k": 0.4280382962094568,
            "recall@k": 0.00038363649136633523,
            "mAP": 0.4981592542970035
        },
        "3": {
            "topk_acc": 0.6363227823368504,
            "precision@k": 0.40332161000390776,
            "recall@k": 0.0010265319097216771,
            "mAP": 0.4981592542970035
        },
        "5": {
            "topk_acc": 0.7178976162563502,
            "precision@k": 0.38896834701055094,
            "recall@k": 0.0016245607939993597,
            "mAP": 0.4981592542970035
        },
        "9": {
            "topk_acc": 0.797284095349746,
            "precision@k": 0.3690156745256394,
            "recall@k": 0.0026858919538413797,
            "mAP": 0.4981592542970035
        }
    },
    "N_Phenoplex": {
        "1": {
            "topk_acc": 0.18335833333333335,
            "precision@k": 0.18335833333333335,
            "recall@k": 2.4451037916166602e-05,
            "mAP": 0.29369096005763423
        },
        "3": {
            "topk_acc": 0.3924,
            "precision@k": 0.17610277777777777,
            "recall@k": 7.045050451171268e-05,
            "mAP": 0.29369096005763423
        },
        "5": {
            "topk_acc": 0.5217583333333333,
            "precision@k": 0.17232666666666666,
            "recall@k": 0.00011489976441303286,
            "mAP": 0.29369096005763423
        },
        "9": {
            "topk_acc": 0.6783166666666667,
            "precision@k": 0.16760555555555556,
            "recall@k": 0.00020115348713161754,
            "mAP": 0.29369096005763423
        }
    },
    "N_CoNIC": {
        "1": {
            "topk_acc": 0.7820025348542459,
            "precision@k": 0.7820025348542459,
            "recall@k": 0.0013308102822828607,
            "mAP": 0.7798749726971481
        },
        "3": {
            "topk_acc": 0.8745247148288974,
            "precision@k": 0.7139839459231093,
            "recall@k": 0.003633171086609251,
            "mAP": 0.7798749726971481
        },
        "5": {
            "topk_acc": 0.9049429657794676,
            "precision@k": 0.6958174904942965,
            "recall@k": 0.005923935251447013,
            "mAP": 0.7798749726971481
        },
        "9": {
            "topk_acc": 0.9302915082382763,
            "precision@k": 0.6646951133643149,
            "recall@k": 0.010073024009351906,
            "mAP": 0.7798749726971481
        }
    },
    "N_iPSC_QCData": {
        "1": {
            "topk_acc": 0.861316319677636,
            "precision@k": 0.861316319677636,
            "recall@k": 0.001161273012847915,
            "mAP": 0.8783947079223452
        },
        "3": {
            "topk_acc": 0.9597044996642041,
            "precision@k": 0.8478844862323707,
            "recall@k": 0.003428978989828501,
            "mAP": 0.8783947079223452
        },
        "5": {
            "topk_acc": 0.9801880456682337,
            "precision@k": 0.8402283411685695,
            "recall@k": 0.005663899489804952,
            "mAP": 0.8783947079223452
        },
        "9": {
            "topk_acc": 0.9895903290799194,
            "precision@k": 0.8286321916274905,
            "recall@k": 0.01005503065876325,
            "mAP": 0.8783947079223452
        }
    },
    "N_lynsec13": {
        "1": {
            "topk_acc": 0.9248579545454545,
            "precision@k": 0.9248579545454545,
            "recall@k": 0.0004913296671932143,
            "mAP": 0.9325029586763681
        },
        "3": {
            "topk_acc": 0.9713068181818182,
            "precision@k": 0.9177556818181818,
            "recall@k": 0.0014365756442695791,
            "mAP": 0.9325029586763681
        },
        "5": {
            "topk_acc": 0.9799715909090909,
            "precision@k": 0.9119602272727273,
            "recall@k": 0.002363509362385469,
            "mAP": 0.9325029586763681
        },
        "9": {
            "topk_acc": 0.9866477272727273,
            "precision@k": 0.9053503787878788,
            "recall@k": 0.004178481058333941,
            "mAP": 0.9325029586763681
        }
    },
    "N_DynamicNuclearNet": {
        "1": {
            "topk_acc": 0.22689619466735697,
            "precision@k": 0.22689619466735697,
            "recall@k": 7.342206085731384e-06,
            "mAP": 0.2267528734841508
        },
        "3": {
            "topk_acc": 0.2282228837690914,
            "precision@k": 0.22595780481491065,
            "recall@k": 2.1935521290642725e-05,
            "mAP": 0.2267528734841508
        },
        "5": {
            "topk_acc": 0.2286758995599275,
            "precision@k": 0.22507765984985764,
            "recall@k": 3.6416797697611496e-05,
            "mAP": 0.2267528734841508
        },
        "9": {
            "topk_acc": 0.2292907067046337,
            "precision@k": 0.22368193977047202,
            "recall@k": 6.51437549083988e-05,
            "mAP": 0.2267528734841508
        }
    },
    "N_databowl": {
        "1": {
            "topk_acc": 0.9808917197452229,
            "precision@k": 0.9808917197452229,
            "recall@k": 0.0006946825210660221,
            "mAP": 0.9778459724890192
        },
        "3": {
            "topk_acc": 0.9915074309978769,
            "precision@k": 0.9709837225760792,
            "recall@k": 0.002062996577711216,
            "mAP": 0.9778459724890192
        },
        "5": {
            "topk_acc": 0.9964614295824487,
            "precision@k": 0.9658881811748053,
            "recall@k": 0.0034202839276728236,
            "mAP": 0.9778459724890192
        },
        "9": {
            "topk_acc": 0.9985845718329794,
            "precision@k": 0.9589525831564049,
            "recall@k": 0.0061123040002886994,
            "mAP": 0.9778459724890192
        }
    },
    "N_MoNuSAC": {
        "1": {
            "topk_acc": 0.9235181644359465,
            "precision@k": 0.9235181644359465,
            "recall@k": 0.00029045832950317486,
            "mAP": 0.9322128598093158
        },
        "3": {
            "topk_acc": 0.9745060548119822,
            "precision@k": 0.9161431302922699,
            "recall@k": 0.0008342270316755317,
            "mAP": 0.9322128598093158
        },
        "5": {
            "topk_acc": 0.9845215332787034,
            "precision@k": 0.9119912592187928,
            "recall@k": 0.0013678425184881068,
            "mAP": 0.9322128598093158
        },
        "9": {
            "topk_acc": 0.9894382227078212,
            "precision@k": 0.9057432193187451,
            "recall@k": 0.0023718674424494045,
            "mAP": 0.9322128598093158
        }
    },
    "N_CMP_15_17_and_TNBC": {
        "1": {
            "topk_acc": 0.6416490486257929,
            "precision@k": 0.6416490486257929,
            "recall@k": 0.00029980406618704996,
            "mAP": 0.7026242261020864
        },
        "3": {
            "topk_acc": 0.8476479915433404,
            "precision@k": 0.6342935165609583,
            "recall@k": 0.0008170623709092382,
            "mAP": 0.7026242261020864
        },