{
    "1": {
        "topk_acc": 0.5322931563103392,
        "precision@k": 0.5322931563103392,
        "recall@k": 0.00021851771348521836,
        "mAP": 0.6146547776398846
    },
    "3": {
        "topk_acc": 0.6438627144391335,
        "precision@k": 0.5215797781277184,
        "recall@k": 0.000611711506579176,
        "mAP": 0.6146547776398846
    },
    "5": {
        "topk_acc": 0.7691680624106214,
        "precision@k": 0.4867099208181935,
        "recall@k": 0.000971427145577028,
        "mAP": 0.6146547776398846
    },
    "9": {
        "topk_acc": 0.839869681102647,
        "precision@k": 0.46002824256206043,
        "recall@k": 0.0016384672669760615,
        "mAP": 0.6146547776398846
    }
}