{
    "N_IHC_TMA": {
        "1": {
            "topk_acc": 0.26618705035971224,
            "precision@k": 0.26618705035971224,
            "recall@k": 0.004504468461059721,
            "mAP": 0.33165678885463057
        },
        "3": {
            "topk_acc": 0.4273381294964029,
            "precision@k": 0.21534772182254194,
            "recall@k": 0.010937008700823208,
            "mAP": 0.33165678885463057
        },
        "5": {
            "topk_acc": 0.5194244604316547,
            "precision@k": 0.20057553956834534,
            "recall@k": 0.017032173030655403,
            "mAP": 0.33165678885463057
        },
        "9": {
            "topk_acc": 0.6316546762589929,
            "precision@k": 0.173621103117506,
            "recall@k": 0.026562018084225737,
            "mAP": 0.33165678885463057
        }
    },
    "N_PanNuke": {
        "1": {
            "topk_acc": 0.43565846033606875,
            "precision@k": 0.43565846033606875,
            "recall@k": 0.00040197449789170544,
            "mAP": 0.5036451725114951
        },
        "3": {
            "topk_acc": 0.6399960922235248,
            "precision@k": 0.4085254656766967,
            "recall@k": 0.0010679771432660552,
            "mAP": 0.5036451725114951
        },
        "5": {
            "topk_acc": 0.7208870652598671,
            "precision@k": 0.39377100429855416,
            "recall@k": 0.0016678288506520016,
            "mAP": 0.5036451725114951
        },
        "9": {
            "topk_acc": 0.7986713559984369,
            "precision@k": 0.3744778776431766,
            "recall@k": 0.0027529370513091813,
            "mAP": 0.5036451725114951
        }
    },
    "N_Phenoplex": {
        "1": {
            "topk_acc": 0.18215833333333334,
            "precision@k": 0.18215833333333334,
            "recall@k": 2.429101657998845e-05,
            "mAP": 0.2931250878921013
        },
        "3": {
            "topk_acc": 0.3917583333333333,
            "precision@k": 0.1757888888888889,
            "recall@k": 7.032493221318399e-05,
            "mAP": 0.2931250878921013
        },
        "5": {
            "topk_acc": 0.5221333333333333,
            "precision@k": 0.17241166666666669,
            "recall@k": 0.00011495643863626261,
            "mAP": 0.2931250878921013
        },
        "9": {
            "topk_acc": 0.678525,
            "precision@k": 0.16761759259259257,
            "recall@k": 0.00020116793350224472,
            "mAP": 0.2931250878921013
        }
    },
    "N_CoNIC": {
        "1": {
            "topk_acc": 0.7642585551330798,
            "precision@k": 0.7642585551330798,
            "recall@k": 0.0013656592167257888,
            "mAP": 0.7665871902204059
        },
        "3": {
            "topk_acc": 0.8757921419518377,
            "precision@k": 0.7017321504013518,
            "recall@k": 0.003701127984172387,
            "mAP": 0.7665871902204059
        },
        "5": {
            "topk_acc": 0.8986058301647655,
            "precision@k": 0.673510773130545,
            "recall@k": 0.005810211463688296,
            "mAP": 0.7665871902204059
        },
        "9": {
            "topk_acc": 0.9302915082382763,
            "precision@k": 0.6390649204337419,
            "recall@k": 0.00993383482749984,
            "mAP": 0.7665871902204059
        }
    },
    "N_iPSC_QCData": {
        "1": {
            "topk_acc": 0.8609805238415044,
            "precision@k": 0.8609805238415044,
            "recall@k": 0.0011611314380632215,
            "mAP": 0.879234590131105
        },
        "3": {
            "topk_acc": 0.9600402955003358,
            "precision@k": 0.8500111931945377,
            "recall@k": 0.003436961832795392,
            "mAP": 0.879234590131105
        },
        "5": {
            "topk_acc": 0.9768300873069174,
            "precision@k": 0.8408999328408328,
            "recall@k": 0.0056667723344660985,
            "mAP": 0.879234590131105
        },
        "9": {
            "topk_acc": 0.9902619207521827,
            "precision@k": 0.8287814342213267,
            "recall@k": 0.010051503583095613,
            "mAP": 0.879234590131105
        }
    },
    "N_lynsec13": {
        "1": {
            "topk_acc": 0.9255681818181818,
            "precision@k": 0.9255681818181818,
            "recall@k": 0.000493266893406991,
            "mAP": 0.9335636225133992
        },
        "3": {
            "topk_acc": 0.9732954545454545,
            "precision@k": 0.9191761363636364,
            "recall@k": 0.0014408346943527487,
            "mAP": 0.9335636225133992
        },
        "5": {
            "topk_acc": 0.9813920454545455,
            "precision@k": 0.9138352272727273,
            "recall@k": 0.0023586655565718383,
            "mAP": 0.9335636225133992
        },
        "9": {
            "topk_acc": 0.9870738636363636,
            "precision@k": 0.9078125,
            "recall@k": 0.004157335126657688,
            "mAP": 0.9335636225133992
        }
    },
    "N_DynamicNuclearNet": {
        "1": {
            "topk_acc": 0.9964082319440849,
            "precision@k": 0.9964082319440849,
            "recall@k": 3.224309070135859e-05,
            "mAP": 0.6325700471722687
        },
        "3": {
            "topk_acc": 0.9975084131504013,
            "precision@k": 0.48198722926913434,
            "recall@k": 4.679033387720944e-05,
            "mAP": 0.6325700471722687
        },
        "5": {
            "topk_acc": 0.9980261454827855,
            "precision@k": 0.3786370696349988,
            "recall@k": 6.12621864600522e-05,
            "mAP": 0.6325700471722687
        },
        "9": {
            "topk_acc": 0.9988027439813616,
            "precision@k": 0.4799989932982425,
            "recall@k": 0.0001397919599936635,
            "mAP": 0.6325700471722687
        }
    },
    "N_databowl": {
        "1": {
            "topk_acc": 0.9801840056617127,
            "precision@k": 0.9801840056617127,
            "recall@k": 0.0006941813071258591,
            "mAP": 0.9781419165330676
        },
        "3": {
            "topk_acc": 0.9922151450813871,
            "precision@k": 0.9721632460485963,
            "recall@k": 0.002065502647412032,
            "mAP": 0.9781419165330676
        },
        "5": {
            "topk_acc": 0.9943382873319179,
            "precision@k": 0.9667374380750177,
            "recall@k": 0.0034232912113138017,
            "mAP": 0.9781419165330676
        },
        "9": {
            "topk_acc": 0.9985845718329794,
            "precision@k": 0.960132106628922,
            "recall@k": 0.006119822209391146,
            "mAP": 0.9781419165330676
        }
    },
    "N_MoNuSAC": {
        "1": {
            "topk_acc": 0.9287080032777929,
            "precision@k": 0.9287080032777929,
            "recall@k": 0.0002929989240759473,
            "mAP": 0.9357301645885219
        },
        "3": {
            "topk_acc": 0.9756897022671401,
            "precision@k": 0.9207563203739111,
            "recall@k": 0.0008496002330990952,
            "mAP": 0.9357301645885219
        },
        "5": {
            "topk_acc": 0.9844304834744605,
            "precision@k": 0.9156332513885096,
            "recall@k": 0.001378199461048561,
            "mAP": 0.9357301645885219
        },
        "9": {
            "topk_acc": 0.9903487207502504,
            "precision@k": 0.90970894412577,
            "recall@k": 0.0023972421124587736,
            "mAP": 0.9357301645885219
        }
    },
    "N_CMP_15_17_and_TNBC": {
        "1": {
            "topk_acc": 0.6304175475687104,
            "precision@k": 0.6304175475687104,
            "recall@k": 0.0002761105059148209,
            "mAP": 0.6998925153438755
        },
        "3": {
            "topk_acc": 0.8473837209302325,
            "precision@k": 0.625,
            "recall@k": 0.0007830271947220291,
            "mAP": 0.6998925153438755
        },
        "5": {
            "topk_acc": 0.9011627906976745,