{
    "1": {
        "topk_acc": 0.47632614223790154,
        "precision@k": 0.47632614223790154,
        "recall@k": 0.00022445325260616342,
        "mAP": 0.5967237277792433
    },
    "3": {
        "topk_acc": 0.7300723932047208,
        "precision@k": 0.5153643123572955,
        "recall@k": 0.0006240788518419835,
        "mAP": 0.5967237277792433
    },
    "5": {
        "topk_acc": 0.7897425339290981,
        "precision@k": 0.5197498233294197,
        "recall@k": 0.0009969056746692287,
        "mAP": 0.5967237277792433
    },
    "9": {
        "topk_acc": 0.8570776738466332,
        "precision@k": 0.5031596675439916,
        "recall@k": 0.0017033823104628041,
        "mAP": 0.5967237277792433
    }
}