{
    "N_IHC_TMA": {
        "1": {
            "topk_acc": 0.25323741007194245,
            "precision@k": 0.25323741007194245,
            "recall@k": 0.004268892464726175,
            "mAP": 0.3320369826587709
        },
        "3": {
            "topk_acc": 0.43453237410071943,
            "precision@k": 0.22494004796163067,
            "recall@k": 0.011512428457869232,
            "mAP": 0.3320369826587709
        },
        "5": {
            "topk_acc": 0.5352517985611511,
            "precision@k": 0.19884892086330933,
            "recall@k": 0.016940469166030005,
            "mAP": 0.3320369826587709
        },
        "9": {
            "topk_acc": 0.6244604316546762,
            "precision@k": 0.16962430055955235,
            "recall@k": 0.025931770570607172,
            "mAP": 0.3320369826587709
        }
    },
    "N_PanNuke": {
        "1": {
            "topk_acc": 0.41729191090269635,
            "precision@k": 0.41729191090269635,
            "recall@k": 0.0003773430454820034,
            "mAP": 0.48644695841408075
        },
        "3": {
            "topk_acc": 0.623915592028136,
            "precision@k": 0.38954018496808646,
            "recall@k": 0.0009898423258633542,
            "mAP": 0.48644695841408075
        },
        "5": {
            "topk_acc": 0.70652598671356,
            "precision@k": 0.3747323173114498,
            "recall@k": 0.0015483428286817336,
            "mAP": 0.48644695841408075
        },
        "9": {
            "topk_acc": 0.7892731535756154,
            "precision@k": 0.3559745560331727,
            "recall@k": 0.002553499073901367,
            "mAP": 0.48644695841408075
        }
    },
    "N_Phenoplex": {
        "1": {
            "topk_acc": 0.1841,
            "precision@k": 0.1841,
            "recall@k": 2.4549939991998937e-05,
            "mAP": 0.29401282477088064
        },
        "3": {
            "topk_acc": 0.3932833333333333,
            "precision@k": 0.17575833333333332,
            "recall@k": 7.031270836111481e-05,
            "mAP": 0.29401282477088064
        },
        "5": {
            "topk_acc": 0.5215833333333333,
            "precision@k": 0.17144666666666666,
            "recall@k": 0.00011431301951371295,
            "mAP": 0.29401282477088064
        },
        "9": {
            "topk_acc": 0.6794666666666667,
            "precision@k": 0.16690925925925926,
            "recall@k": 0.00020031782015379832,
            "mAP": 0.29401282477088064
        }
    },
    "N_CoNIC": {
        "1": {
            "topk_acc": 0.7503168567807351,
            "precision@k": 0.7503168567807351,
            "recall@k": 0.0013070268435351894,
            "mAP": 0.7618036982431333
        },
        "3": {
            "topk_acc": 0.8593155893536122,
            "precision@k": 0.6996197718631179,
            "recall@k": 0.003593718905957096,
            "mAP": 0.7618036982431333
        },
        "5": {
            "topk_acc": 0.8935361216730038,
            "precision@k": 0.6689480354879593,
            "recall@k": 0.0056604289139573025,
            "mAP": 0.7618036982431333
        },
        "9": {
            "topk_acc": 0.926489226869455,
            "precision@k": 0.6342768624137445,
            "recall@k": 0.009539047449081604,
            "mAP": 0.7618036982431333
        }
    },
    "N_iPSC_QCData": {
        "1": {
            "topk_acc": 0.854936198791135,
            "precision@k": 0.854936198791135,
            "recall@k": 0.0011519983099437245,
            "mAP": 0.868127926791939
        },
        "3": {
            "topk_acc": 0.9560107454667562,
            "precision@k": 0.836915155585404,
            "recall@k": 0.003382797063093381,
            "mAP": 0.868127926791939
        },
        "5": {
            "topk_acc": 0.9758226997985225,
            "precision@k": 0.8268636668905306,
            "recall@k": 0.005570583335756027,
            "mAP": 0.868127926791939
        },
        "9": {
            "topk_acc": 0.9879113498992612,
            "precision@k": 0.81822252070741,
            "recall@k": 0.009921297437542416,
            "mAP": 0.868127926791939
        }
    },
    "N_lynsec13": {
        "1": {
            "topk_acc": 0.9217329545454546,
            "precision@k": 0.9217329545454546,
            "recall@k": 0.0004894784405398759,
            "mAP": 0.9294557122564934
        },
        "3": {
            "topk_acc": 0.9690340909090909,
            "precision@k": 0.9131628787878787,
            "recall@k": 0.001416622581222864,
            "mAP": 0.9294557122564934
        },
        "5": {
            "topk_acc": 0.9788352272727273,
            "precision@k": 0.9076420454545455,
            "recall@k": 0.0023189312621355557,
            "mAP": 0.9294557122564934
        },
        "9": {
            "topk_acc": 0.984375,
            "precision@k": 0.9006155303030304,
            "recall@k": 0.004071117489723302,
            "mAP": 0.9294557122564934
        }
    },
    "N_DynamicNuclearNet": {
        "1": {
            "topk_acc": 0.9860535852964017,
            "precision@k": 0.9860535852964017,
            "recall@k": 3.190802139910046e-05,
            "mAP": 0.9927002206525892
        },
        "3": {
            "topk_acc": 0.9976702045042712,
            "precision@k": 0.9917162826818535,
            "recall@k": 9.627378727131864e-05,
            "mAP": 0.9927002206525892
        },
        "5": {
            "topk_acc": 0.9981232202951075,
            "precision@k": 0.9920981102769868,
            "recall@k": 0.00016051809052146826,
            "mAP": 0.9927002206525892
        },
        "9": {
            "topk_acc": 0.9988674605229096,
            "precision@k": 0.9882179940748411,
            "recall@k": 0.0002878025417167773,
            "mAP": 0.9927002206525892
        }
    },
    "N_databowl": {
        "1": {
            "topk_acc": 0.9815994338287332,
            "precision@k": 0.9815994338287332,
            "recall@k": 0.0006951837350061852,
            "mAP": 0.9794877788931095
        },
        "3": {
            "topk_acc": 0.9936305732484076,
            "precision@k": 0.9749941023826373,
            "recall@k": 0.0020715172146939884,
            "mAP": 0.9794877788931095
        },
        "5": {
            "topk_acc": 0.9978768577494692,
            "precision@k": 0.9697098372257607,
            "recall@k": 0.003433816704057227,
            "mAP": 0.9794877788931095
        },
        "9": {
            "topk_acc": 0.9985845718329794,
            "precision@k": 0.9620193441849493,
            "recall@k": 0.0061318513439550595,
            "mAP": 0.9794877788931095
        }
    },
    "N_MoNuSAC": {
        "1": {
            "topk_acc": 0.9220613675680597,
            "precision@k": 0.9220613675680597,
            "recall@k": 0.0002816248179012208,
            "mAP": 0.929602390305116
        },
        "3": {
            "topk_acc": 0.9720477100974233,
            "precision@k": 0.9121976387750768,
            "recall@k": 0.0008227910054551418,
            "mAP": 0.929602390305116
        },
        "5": {
            "topk_acc": 0.9829736866065738,
            "precision@k": 0.9084949467358645,
            "recall@k": 0.0013404471330800915,
            "mAP": 0.929602390305116
        },
        "9": {
            "topk_acc": 0.9904397705544933,
            "precision@k": 0.9024654263659999,
            "recall@k": 0.002324041710491688,
            "mAP": 0.929602390305116
        }
    },
    "N_CMP_15_17_and_TNBC": {
        "1": {
            "topk_acc": 0.6095401691331924,
            "precision@k": 0.6095401691331924,
            "recall@k": 0.00026768298369017374,
            "mAP": 0.6795662276538523
        },
        "3": {
            "topk_acc": 0.8300739957716702,
            "precision@k": 0.6022286821705426,
            "recall@k": 0.0007542801159199349,
            "mAP": 0.6795662276538523
        },
        "5": {
            "topk_acc": 0.8917811839323467,