{
    "N_IHC_TMA": {
        "1": {
            "topk_acc": 0.2589928057553957,
            "precision@k": 0.2589928057553957,
            "recall@k": 0.004418635678301476,
            "mAP": 0.3305034992414232
        },
        "3": {
            "topk_acc": 0.45755395683453237,
            "precision@k": 0.2225419664268585,
            "recall@k": 0.011392752844662355,
            "mAP": 0.3305034992414232
        },
        "5": {
            "topk_acc": 0.543884892086331,
            "precision@k": 0.19971223021582735,
            "recall@k": 0.01694705716173821,
            "mAP": 0.3305034992414232
        },
        "9": {
            "topk_acc": 0.6258992805755396,
            "precision@k": 0.18081534772182256,
            "recall@k": 0.027606373914146873,
            "mAP": 0.3305034992414232
        }
    },
    "N_PanNuke": {
        "1": {
            "topk_acc": 0.38188745603751467,
            "precision@k": 0.38188745603751467,
            "recall@k": 0.00034296943142175026,
            "mAP": 0.45600163909513264
        },
        "3": {
            "topk_acc": 0.5931027745212973,
            "precision@k": 0.35534062784942033,
            "recall@k": 0.0009210702249510463,
            "mAP": 0.45600163909513264
        },
        "5": {
            "topk_acc": 0.6817116060961314,
            "precision@k": 0.3401406799531067,
            "recall@k": 0.0014338492577583197,
            "mAP": 0.45600163909513264
        },
        "9": {
            "topk_acc": 0.7678194607268464,
            "precision@k": 0.32095219486778687,
            "recall@k": 0.0023623183846500947,
            "mAP": 0.45600163909513264
        }
    },
    "N_Phenoplex": {
        "1": {
            "topk_acc": 0.161575,
            "precision@k": 0.161575,
            "recall@k": 2.1546206160821447e-05,
            "mAP": 0.2693331925429894
        },
        "3": {
            "topk_acc": 0.35680833333333334,
            "precision@k": 0.15332222222222222,
            "recall@k": 6.133706716451084e-05,
            "mAP": 0.2693331925429894
        },
        "5": {
            "topk_acc": 0.48434166666666667,
            "precision@k": 0.15057,
            "recall@k": 0.00010039338578477132,
            "mAP": 0.2693331925429894
        },
        "9": {
            "topk_acc": 0.6476166666666666,
            "precision@k": 0.14650092592592595,
            "recall@k": 0.0001758245543850291,
            "mAP": 0.2693331925429894
        }
    },
    "N_CoNIC": {
        "1": {
            "topk_acc": 0.5956907477820025,
            "precision@k": 0.5956907477820025,
            "recall@k": 0.0010748874978429661,
            "mAP": 0.6433433725201106
        },
        "3": {
            "topk_acc": 0.7743979721166033,
            "precision@k": 0.5732995352767216,
            "recall@k": 0.0031718727020653937,
            "mAP": 0.6433433725201106
        },
        "5": {
            "topk_acc": 0.8276299112801014,
            "precision@k": 0.543979721166033,
            "recall@k": 0.004940315962098523,
            "mAP": 0.6433433725201106
        },
        "9": {
            "topk_acc": 0.8884664131812421,
            "precision@k": 0.5106323053091114,
            "recall@k": 0.008286846448217849,
            "mAP": 0.6433433725201106
        }
    },
    "N_iPSC_QCData": {
        "1": {
            "topk_acc": 0.8687038280725319,
            "precision@k": 0.8687038280725319,
            "recall@k": 0.0011705385500528334,
            "mAP": 0.888087122077396
        },
        "3": {
            "topk_acc": 0.9627266621893888,
            "precision@k": 0.8614282516230131,
            "recall@k": 0.003482063791353656,
            "mAP": 0.888087122077396
        },
        "5": {
            "topk_acc": 0.9795164539959704,
            "precision@k": 0.854331766286098,
            "recall@k": 0.005754877003889919,
            "mAP": 0.888087122077396
        },
        "9": {
            "topk_acc": 0.986232370718603,
            "precision@k": 0.8426236847996417,
            "recall@k": 0.010217953299489348,
            "mAP": 0.888087122077396
        }
    },
    "N_lynsec13": {
        "1": {
            "topk_acc": 0.8808238636363637,
            "precision@k": 0.8808238636363637,
            "recall@k": 0.0004234954393622587,
            "mAP": 0.8916209719564909
        },
        "3": {
            "topk_acc": 0.9417613636363636,
            "precision@k": 0.866714015151515,
            "recall@k": 0.0011986179674670684,
            "mAP": 0.8916209719564909
        },
        "5": {
            "topk_acc": 0.9582386363636364,
            "precision@k": 0.8596874999999999,
            "recall@k": 0.0019527244502014404,
            "mAP": 0.8916209719564909
        },
        "9": {
            "topk_acc": 0.9720170454545455,
            "precision@k": 0.8476325757575757,
            "recall@k": 0.0033963397026303896,
            "mAP": 0.8916209719564909
        }
    },
    "N_DynamicNuclearNet": {
        "1": {
            "topk_acc": 0.22637846233497283,
            "precision@k": 0.22637846233497283,
            "recall@k": 7.3254526206184764e-06,
            "mAP": 0.22586609388124906
        },
        "3": {
            "topk_acc": 0.2279963758736733,
            "precision@k": 0.22477133488653034,
            "recall@k": 2.1820341217991492e-05,
            "mAP": 0.22586609388124906
        },
        "5": {
            "topk_acc": 0.22838467512296143,
            "precision@k": 0.22358270774009836,
            "recall@k": 3.61749195450439e-05,
            "mAP": 0.22586609388124906
        },
        "9": {
            "topk_acc": 0.22912891535076366,
            "precision@k": 0.22177999252164407,
            "recall@k": 6.458984346810332e-05,
            "mAP": 0.22586609388124906
        }
    },
    "N_databowl": {
        "1": {
            "topk_acc": 0.9561217268223637,
            "precision@k": 0.9561217268223637,
            "recall@k": 0.0006771400331603145,
            "mAP": 0.9565078472412791
        },
        "3": {
            "topk_acc": 0.9787685774946921,
            "precision@k": 0.947865062514744,
            "recall@k": 0.002013877611575235,
            "mAP": 0.9565078472412791
        },
        "5": {
            "topk_acc": 0.9844302901627743,
            "precision@k": 0.9409766454352441,
            "recall@k": 0.0033320702742041224,
            "mAP": 0.9565078472412791
        },
        "9": {
            "topk_acc": 0.9872611464968153,
            "precision@k": 0.936069827789573,
            "recall@k": 0.005966450743701245,
            "mAP": 0.9565078472412791
        }
    },
    "N_MoNuSAC": {
        "1": {
            "topk_acc": 0.9101338432122371,
            "precision@k": 0.9101338432122371,
            "recall@k": 0.00026811385503617993,
            "mAP": 0.9204921614841571
        },
        "3": {
            "topk_acc": 0.9685878175361923,
            "precision@k": 0.9011199125921879,
            "recall@k": 0.0007602639959605035,
            "mAP": 0.9204921614841571
        },
        "5": {
            "topk_acc": 0.9810616407174725,
            "precision@k": 0.8949649458253666,
            "recall@k": 0.0012209187043343756,
            "mAP": 0.9204921614841571
        },
        "9": {
            "topk_acc": 0.9884366748611491,
            "precision@k": 0.8868352099709652,
            "recall@k": 0.002106758313011971,
            "mAP": 0.9204921614841571
        }
    },
    "N_CMP_15_17_and_TNBC": {
        "1": {
            "topk_acc": 0.5502114164904862,
            "precision@k": 0.5502114164904862,
            "recall@k": 0.00022284544158652985,
            "mAP": 0.6210387687161723
        },
        "3": {
            "topk_acc": 0.7706131078224101,
            "precision@k": 0.5328136011275546,
            "recall@k": 0.0005986678892789596,
            "mAP": 0.6210387687161723
        },
        "5": {
            "topk_acc": 0.845137420718816,