{
    "N_IHC_TMA": {
        "1": {
            "topk_acc": 0.2517985611510791,
            "precision@k": 0.2517985611510791,
            "recall@k": 0.004180679274820128,
            "mAP": 0.3323800163950473
        },
        "3": {
            "topk_acc": 0.45179856115107914,
            "precision@k": 0.22446043165467625,
            "recall@k": 0.011484885781533045,
            "mAP": 0.3323800163950473
        },
        "5": {
            "topk_acc": 0.543884892086331,
            "precision@k": 0.21007194244604316,
            "recall@k": 0.01787215535887667,
            "mAP": 0.3323800163950473
        },
        "9": {
            "topk_acc": 0.641726618705036,
            "precision@k": 0.1894484412470024,
            "recall@k": 0.029030396158019015,
            "mAP": 0.3323800163950473
        }
    },
    "N_PanNuke": {
        "1": {
            "topk_acc": 0.41987104337631886,
            "precision@k": 0.41987104337631886,
            "recall@k": 0.0003929693670135214,
            "mAP": 0.4892660377228916
        },
        "3": {
            "topk_acc": 0.6294060179757718,
            "precision@k": 0.3921583952064608,
            "recall@k": 0.001046990847746057,
            "mAP": 0.4892660377228916
        },
        "5": {
            "topk_acc": 0.7108245408362641,
            "precision@k": 0.3758851113716296,
            "recall@k": 0.001632194961398266,
            "mAP": 0.4892660377228916
        },
        "9": {
            "topk_acc": 0.7895271590465025,
            "precision@k": 0.35401198384785726,
            "recall@k": 0.0026896572131498045,
            "mAP": 0.4892660377228916
        }
    },
    "N_Phenoplex": {
        "1": {
            "topk_acc": 0.16640833333333332,
            "precision@k": 0.16640833333333332,
            "recall@k": 2.2190736542650132e-05,
            "mAP": 0.2747038434665533
        },
        "3": {
            "topk_acc": 0.36394166666666666,
            "precision@k": 0.15876666666666667,
            "recall@k": 6.351513535138019e-05,
            "mAP": 0.2747038434665533
        },
        "5": {
            "topk_acc": 0.490875,
            "precision@k": 0.15519833333333333,
            "recall@k": 0.00010347935280259592,
            "mAP": 0.2747038434665533
        },
        "9": {
            "topk_acc": 0.652525,
            "precision@k": 0.15134444444444448,
            "recall@k": 0.0001816375516735565,
            "mAP": 0.2747038434665533
        }
    },
    "N_CoNIC": {
        "1": {
            "topk_acc": 0.7224334600760456,
            "precision@k": 0.7224334600760456,
            "recall@k": 0.0013871705403573676,
            "mAP": 0.7291807581714561
        },
        "3": {
            "topk_acc": 0.8542458808618505,
            "precision@k": 0.6713138994507817,
            "recall@k": 0.0036152597375771955,
            "mAP": 0.7291807581714561
        },
        "5": {
            "topk_acc": 0.8884664131812421,
            "precision@k": 0.6438529784537389,
            "recall@k": 0.005685481196211363,
            "mAP": 0.7291807581714561
        },
        "9": {
            "topk_acc": 0.9252217997465145,
            "precision@k": 0.6004788058019997,
            "recall@k": 0.009338363619152433,
            "mAP": 0.7291807581714561
        }
    },
    "N_iPSC_QCData": {
        "1": {
            "topk_acc": 0.8895231699126931,
            "precision@k": 0.8895231699126931,
            "recall@k": 0.0011980616127987447,
            "mAP": 0.8991293465001851
        },
        "3": {
            "topk_acc": 0.9670920080591001,
            "precision@k": 0.8725095142153569,
            "recall@k": 0.0035276239346133443,
            "mAP": 0.8991293465001851
        },
        "5": {
            "topk_acc": 0.9835460040295501,
            "precision@k": 0.8642041638683682,
            "recall@k": 0.005825200686699866,
            "mAP": 0.8991293465001851
        },
        "9": {
            "topk_acc": 0.9912693082605776,
            "precision@k": 0.8551600626818895,
            "recall@k": 0.010375618581971575,
            "mAP": 0.8991293465001851
        }
    },
    "N_lynsec13": {
        "1": {
            "topk_acc": 0.89375,
            "precision@k": 0.89375,
            "recall@k": 0.00044736566869225757,
            "mAP": 0.902403190265216
        },
        "3": {
            "topk_acc": 0.9536931818181819,
            "precision@k": 0.8804450757575758,
            "recall@k": 0.0012998470894740326,
            "mAP": 0.902403190265216
        },
        "5": {
            "topk_acc": 0.96875,
            "precision@k": 0.8717045454545455,
            "recall@k": 0.002110795099662238,
            "mAP": 0.902403190265216
        },
        "9": {
            "topk_acc": 0.9792613636363636,
            "precision@k": 0.8593276515151516,
            "recall@k": 0.003668912796041565,
            "mAP": 0.902403190265216
        }
    },
    "N_DynamicNuclearNet": {
        "1": {
            "topk_acc": 0.996570023297955,
            "precision@k": 0.996570023297955,
            "recall@k": 3.2248326159206373e-05,
            "mAP": 0.9961940561451951
        },
        "3": {
            "topk_acc": 0.9979614289412374,
            "precision@k": 0.9953296229182845,
            "recall@k": 9.662456294712013e-05,
            "mAP": 0.9961940561451951
        },
        "5": {
            "topk_acc": 0.9983497281905255,
            "precision@k": 0.9944279057727156,
            "recall@k": 0.00016089504348650868,
            "mAP": 0.9961940561451951
        },
        "9": {
            "topk_acc": 0.9987056691690396,
            "precision@k": 0.992636695717203,
            "recall@k": 0.00028908941725576246,
            "mAP": 0.9961940561451951
        }
    },
    "N_databowl": {
        "1": {
            "topk_acc": 0.9752300070771408,
            "precision@k": 0.9752300070771408,
            "recall@k": 0.0006906728095447175,
            "mAP": 0.9723579877810997
        },
        "3": {
            "topk_acc": 0.9872611464968153,
            "precision@k": 0.9639065817409767,
            "recall@k": 0.002047960159506324,
            "mAP": 0.9723579877810997
        },
        "5": {
            "topk_acc": 0.9907997169143666,
            "precision@k": 0.9588110403397029,
            "recall@k": 0.00339522323066467,
            "mAP": 0.9723579877810997
        },
        "9": {
            "topk_acc": 0.9943382873319179,
            "precision@k": 0.9517968074231344,
            "recall@k": 0.00606669353173386,
            "mAP": 0.9723579877810997
        }
    },
    "N_MoNuSAC": {
        "1": {
            "topk_acc": 0.9267049075844487,
            "precision@k": 0.9267049075844487,
            "recall@k": 0.0002888279935033027,
            "mAP": 0.9352018594548203
        },
        "3": {
            "topk_acc": 0.9759628516798688,
            "precision@k": 0.9195119730492579,
            "recall@k": 0.0008418598143420922,
            "mAP": 0.9352018594548203
        },
        "5": {
            "topk_acc": 0.9848857324956751,
            "precision@k": 0.9147409633069288,
            "recall@k": 0.0013624622413295658,
            "mAP": 0.9352018594548203
        },
        "9": {
            "topk_acc": 0.9909860693799508,
            "precision@k": 0.9082420306129676,
            "recall@k": 0.0023540755416730395,
            "mAP": 0.9352018594548203
        }
    },
    "N_CMP_15_17_and_TNBC": {
        "1": {
            "topk_acc": 0.6063689217758985,
            "precision@k": 0.6063689217758985,
            "recall@k": 0.00024355809143952913,
            "mAP": 0.6740420883161228
        },
        "3": {
            "topk_acc": 0.8279598308668076,
            "precision@k": 0.597692036645525,
            "recall@k": 0.0006902276875334736,
            "mAP": 0.6740420883161228
        },
        "5": {
            "topk_acc": 0.8846458773784355,
            "precision@k": 0.5815539112050739,