{
    "N_IHC_TMA": {
        "1": {
            "topk_acc": 0.27482014388489207,
            "precision@k": 0.27482014388489207,
            "recall@k": 0.004703446759360597,
            "mAP": 0.3510081995627987
        },
        "3": {
            "topk_acc": 0.45323741007194246,
            "precision@k": 0.2302158273381295,
            "recall@k": 0.011816896176869133,
            "mAP": 0.3510081995627987
        },
        "5": {
            "topk_acc": 0.5841726618705037,
            "precision@k": 0.217841726618705,
            "recall@k": 0.018529276210168543,
            "mAP": 0.3510081995627987
        },
        "9": {
            "topk_acc": 0.6762589928057554,
            "precision@k": 0.19376498800959233,
            "recall@k": 0.029675828473585186,
            "mAP": 0.3510081995627987
        }
    },
    "N_PanNuke": {
        "1": {
            "topk_acc": 0.40211019929660025,
            "precision@k": 0.40211019929660025,
            "recall@k": 0.00036470708290234946,
            "mAP": 0.47294299204311135
        },
        "3": {
            "topk_acc": 0.6104142243063697,
            "precision@k": 0.3762016412661196,
            "recall@k": 0.0009626371661286501,
            "mAP": 0.47294299204311135
        },
        "5": {
            "topk_acc": 0.6949003516998827,
            "precision@k": 0.36058616647127784,
            "recall@k": 0.0015117271357766447,
            "mAP": 0.47294299204311135
        },
        "9": {
            "topk_acc": 0.7758304025009769,
            "precision@k": 0.3419043897355738,
            "recall@k": 0.002487461385593155,
            "mAP": 0.47294299204311135
        }
    },
    "N_Phenoplex": {
        "1": {
            "topk_acc": 0.17008333333333334,
            "precision@k": 0.17008333333333334,
            "recall@k": 2.268080188469574e-05,
            "mAP": 0.27766818792517006
        },
        "3": {
            "topk_acc": 0.36898333333333333,
            "precision@k": 0.16096944444444444,
            "recall@k": 6.439636395963908e-05,
            "mAP": 0.27766818792517006
        },
        "5": {
            "topk_acc": 0.4965333333333333,
            "precision@k": 0.157385,
            "recall@k": 0.00010493732497666358,
            "mAP": 0.27766818792517006
        },
        "9": {
            "topk_acc": 0.6563083333333334,
            "precision@k": 0.1531435185185185,
            "recall@k": 0.00018379672845268263,
            "mAP": 0.27766818792517006
        }
    },
    "N_CoNIC": {
        "1": {
            "topk_acc": 0.7465145754119138,
            "precision@k": 0.7465145754119138,
            "recall@k": 0.0014005081511687168,
            "mAP": 0.7620981271680619
        },
        "3": {
            "topk_acc": 0.8643852978453739,
            "precision@k": 0.7114490916772285,
            "recall@k": 0.0038201337018763065,
            "mAP": 0.7620981271680619
        },
        "5": {
            "topk_acc": 0.8973384030418251,
            "precision@k": 0.6808618504435996,
            "recall@k": 0.005939663009328537,
            "mAP": 0.7620981271680619
        },
        "9": {
            "topk_acc": 0.9290240811153359,
            "precision@k": 0.6437121532178566,
            "recall@k": 0.009813619282266572,
            "mAP": 0.7620981271680619
        }
    },
    "N_iPSC_QCData": {
        "1": {
            "topk_acc": 0.8875083948959033,
            "precision@k": 0.8875083948959033,
            "recall@k": 0.001195578318601017,
            "mAP": 0.8988930030541431
        },
        "3": {
            "topk_acc": 0.9680993955674949,
            "precision@k": 0.8704947391985673,
            "recall@k": 0.0035190528348722386,
            "mAP": 0.8988930030541431
        },
        "5": {
            "topk_acc": 0.9855607790463399,
            "precision@k": 0.8634654130288785,
            "recall@k": 0.005816680316111878,
            "mAP": 0.8988930030541431
        },
        "9": {
            "topk_acc": 0.9932840832773674,
            "precision@k": 0.8521752108051638,
            "recall@k": 0.010335296118445067,
            "mAP": 0.8988930030541431
        }
    },
    "N_lynsec13": {
        "1": {
            "topk_acc": 0.8973011363636364,
            "precision@k": 0.8973011363636364,
            "recall@k": 0.0004469271392951252,
            "mAP": 0.9070987419233791
        },
        "3": {
            "topk_acc": 0.9606534090909091,
            "precision@k": 0.8844223484848485,
            "recall@k": 0.001289686050401108,
            "mAP": 0.9070987419233791
        },
        "5": {
            "topk_acc": 0.9734375,
            "precision@k": 0.8784090909090909,
            "recall@k": 0.0021077540306533808,
            "mAP": 0.9070987419233791
        },
        "9": {
            "topk_acc": 0.9842329545454546,
            "precision@k": 0.8666035353535353,
            "recall@k": 0.0036784155810021986,
            "mAP": 0.9070987419233791
        }
    },
    "N_DynamicNuclearNet": {
        "1": {
            "topk_acc": 0.23708904996117008,
            "precision@k": 0.23708904996117008,
            "recall@k": 7.672039930141737e-06,
            "mAP": 0.23174654257196448
        },
        "3": {
            "topk_acc": 0.2384480973336785,
            "precision@k": 0.22868668565018552,
            "recall@k": 2.2200435457740563e-05,
            "mAP": 0.23174654257196448
        },
        "5": {
            "topk_acc": 0.23909526274915868,
            "precision@k": 0.22628785917680558,
            "recall@k": 3.6612603821118595e-05,
            "mAP": 0.23174654257196448
        },
        "9": {
            "topk_acc": 0.23971006989386487,
            "precision@k": 0.22604409353697472,
            "recall@k": 6.583169406959752e-05,
            "mAP": 0.23174654257196448
        }
    },
    "N_databowl": {
        "1": {
            "topk_acc": 0.9851380042462845,
            "precision@k": 0.9851380042462845,
            "recall@k": 0.0006976898047070006,
            "mAP": 0.9809473639656383
        },
        "3": {
            "topk_acc": 0.9929228591648974,
            "precision@k": 0.9752300070771408,
            "recall@k": 0.0020720184286341517,
            "mAP": 0.9809473639656383
        },
        "5": {
            "topk_acc": 0.9943382873319179,
            "precision@k": 0.97310686482661,
            "recall@k": 0.0034458458386211403,
            "mAP": 0.9809473639656383
        },
        "9": {
            "topk_acc": 0.9978768577494692,
            "precision@k": 0.9687819454273807,
            "recall@k": 0.0061749557428090835,
            "mAP": 0.9809473639656383
        }
    },
    "N_MoNuSAC": {
        "1": {
            "topk_acc": 0.9155057816625695,
            "precision@k": 0.9155057816625695,
            "recall@k": 0.0002873515348258149,
            "mAP": 0.9248248358419516
        },
        "3": {
            "topk_acc": 0.9733224073568242,
            "precision@k": 0.9075540987586876,
            "recall@k": 0.0008070884926919655,
            "mAP": 0.9248248358419516
        },
        "5": {
            "topk_acc": 0.9836110352362742,
            "precision@k": 0.9011927524355822,
            "recall@k": 0.001307515854390956,
            "mAP": 0.9248248358419516
        },
        "9": {
            "topk_acc": 0.9904397705544933,
            "precision@k": 0.8950600422875759,
            "recall@k": 0.0022710821200529704,
            "mAP": 0.9248248358419516
        }
    },
    "N_CMP_15_17_and_TNBC": {
        "1": {
            "topk_acc": 0.6224894291754757,
            "precision@k": 0.6224894291754757,
            "recall@k": 0.00025637562882792206,
            "mAP": 0.6834481343078985
        },
        "3": {
            "topk_acc": 0.8317917547568711,
            "precision@k": 0.6074260042283298,
            "recall@k": 0.0007152068544957086,
            "mAP": 0.6834481343078985
        },