{
    "1": {
        "topk_acc": 0.5286790605020226,
        "precision@k": 0.5286790605020226,
        "recall@k": 0.00021806157443583183,
        "mAP": 0.5788906447276547
    },
    "3": {
        "topk_acc": 0.6430030103554,
        "precision@k": 0.5183700307341892,
        "recall@k": 0.0006037843127749182,
        "mAP": 0.5788906447276547
    },
    "5": {
        "topk_acc": 0.703666401428945,
        "precision@k": 0.512740870165208,
        "recall@k": 0.000964219580808801,
        "mAP": 0.5788906447276547
    },
    "9": {
        "topk_acc": 0.7748827296856655,
        "precision@k": 0.5050320974739352,
        "recall@k": 0.0016453780513971288,
        "mAP": 0.5788906447276547
    }
}