{
    "1": {
        "topk_acc": 0.5472503380389844,
        "precision@k": 0.5472503380389844,
        "recall@k": 0.00022302044198548433,
        "mAP": 0.5977010216705693
    },
    "3": {
        "topk_acc": 0.6636108684402353,
        "precision@k": 0.5385828144504479,
        "recall@k": 0.0006251397981053552,
        "mAP": 0.5977010216705693
    },
    "5": {
        "topk_acc": 0.7233116135171078,
        "precision@k": 0.5332686004907825,
        "recall@k": 0.0010033146112215575,
        "mAP": 0.5977010216705693
    },
    "9": {
        "topk_acc": 0.7906690111455488,
        "precision@k": 0.5259549639950613,
        "recall@k": 0.0017112409571111763,
        "mAP": 0.5977010216705693
    }
}