{
    "1": {
        "topk_acc": 0.5381747564171763,
        "precision@k": 0.5381747564171763,
        "recall@k": 0.00022851108544144839,
        "mAP": 0.5885042739292126
    },
    "3": {
        "topk_acc": 0.6533417170711078,
        "precision@k": 0.528865468830858,
        "recall@k": 0.0006353418994690613,
        "mAP": 0.5885042739292126
    },
    "5": {
        "topk_acc": 0.7129061336686828,
        "precision@k": 0.523364475580509,
        "recall@k": 0.0010146643204915113,
        "mAP": 0.5885042739292126
    },
    "9": {
        "topk_acc": 0.7817019358644061,
        "precision@k": 0.5160450273491624,
        "recall@k": 0.001717004257528211,
        "mAP": 0.5885042739292126
    }
}