{
    "N_IHC_TMA": {
        "1": {
            "topk_acc": 0.22446043165467625,
            "precision@k": 0.22446043165467625,
            "recall@k": 0.0037725585671592485,
            "mAP": 0.285584885153102
        },
        "3": {
            "topk_acc": 0.38848920863309355,
            "precision@k": 0.1952038369304556,
            "recall@k": 0.009780118298887114,
            "mAP": 0.285584885153102
        },
        "5": {
            "topk_acc": 0.45179856115107914,
            "precision@k": 0.1697841726618705,
            "recall@k": 0.014100242670057874,
            "mAP": 0.285584885153102
        },
        "9": {
            "topk_acc": 0.5223021582733813,
            "precision@k": 0.1507593924860112,
            "recall@k": 0.02250236109944496,
            "mAP": 0.285584885153102
        }
    },
    "N_PanNuke": {
        "1": {
            "topk_acc": 0.39542790152403284,
            "precision@k": 0.39542790152403284,
            "recall@k": 0.00035743241497524484,
            "mAP": 0.4651354534959093
        },
        "3": {
            "topk_acc": 0.6048651817116061,
            "precision@k": 0.367103035039729,
            "recall@k": 0.0009656942607149005,
            "mAP": 0.4651354534959093
        },
        "5": {
            "topk_acc": 0.6876318874560375,
            "precision@k": 0.3504259476357952,
            "recall@k": 0.001494050090744703,
            "mAP": 0.4651354534959093
        },
        "9": {
            "topk_acc": 0.7710433763188745,
            "precision@k": 0.3300225782640788,
            "recall@k": 0.0024446678345550247,
            "mAP": 0.4651354534959093
        }
    },
    "N_Phenoplex": {
        "1": {
            "topk_acc": 0.15796666666666667,
            "precision@k": 0.15796666666666667,
            "recall@k": 2.1065030893007955e-05,
            "mAP": 0.2647351686389834
        },
        "3": {
            "topk_acc": 0.34860833333333335,
            "precision@k": 0.1483,
            "recall@k": 5.9327910388051745e-05,
            "mAP": 0.2647351686389834
        },
        "5": {
            "topk_acc": 0.47535,
            "precision@k": 0.14369999999999997,
            "recall@k": 9.581277503667157e-05,
            "mAP": 0.2647351686389834
        },
        "9": {
            "topk_acc": 0.6395666666666666,
            "precision@k": 0.13946759259259262,
            "recall@k": 0.00016738342890163137,
            "mAP": 0.2647351686389834
        }
    },
    "N_CoNIC": {
        "1": {
            "topk_acc": 0.7503168567807351,
            "precision@k": 0.7503168567807351,
            "recall@k": 0.0015044352867385668,
            "mAP": 0.7639944700947553
        },
        "3": {
            "topk_acc": 0.8669201520912547,
            "precision@k": 0.7089142374313476,
            "recall@k": 0.004066318850104375,
            "mAP": 0.7639944700947553
        },
        "5": {
            "topk_acc": 0.8973384030418251,
            "precision@k": 0.6785804816223067,
            "recall@k": 0.006220106932229122,
            "mAP": 0.7639944700947553
        },
        "9": {
            "topk_acc": 0.9328263624841572,
            "precision@k": 0.6439938036896211,
            "recall@k": 0.01027114064427978,
            "mAP": 0.7639944700947553
        }
    },
    "N_iPSC_QCData": {
        "1": {
            "topk_acc": 0.8522498321020819,
            "precision@k": 0.8522498321020819,
            "recall@k": 0.0011488141080926162,
            "mAP": 0.8763243176719983
        },
        "3": {
            "topk_acc": 0.9603760913364674,
            "precision@k": 0.8438549361987912,
            "recall@k": 0.003413113550323053,
            "mAP": 0.8763243176719983
        },
        "5": {
            "topk_acc": 0.9828744123572868,
            "precision@k": 0.8370047011417058,
            "recall@k": 0.00564201340799483,
            "mAP": 0.8763243176719983
        },
        "9": {
            "topk_acc": 0.9926124916051041,
            "precision@k": 0.8272516976345049,
            "recall@k": 0.010036079367452886,
            "mAP": 0.8763243176719983
        }
    },
    "N_lynsec13": {
        "1": {
            "topk_acc": 0.8725852272727272,
            "precision@k": 0.8725852272727272,
            "recall@k": 0.0004247312060037396,
            "mAP": 0.8874973899952973
        },
        "3": {
            "topk_acc": 0.9411931818181818,
            "precision@k": 0.860842803030303,
            "recall@k": 0.0012092904167121088,
            "mAP": 0.8874973899952973
        },
        "5": {
            "topk_acc": 0.9578125,
            "precision@k": 0.8526420454545455,
            "recall@k": 0.0019656204506399984,
            "mAP": 0.8874973899952973
        },
        "9": {
            "topk_acc": 0.9741477272727272,
            "precision@k": 0.8406092171717171,
            "recall@k": 0.003424370548647058,
            "mAP": 0.8874973899952973
        }
    },
    "N_DynamicNuclearNet": {
        "1": {
            "topk_acc": 0.22689619466735697,
            "precision@k": 0.22689619466735697,
            "recall@k": 7.342206085731383e-06,
            "mAP": 0.6128371920754669
        },
        "3": {
            "topk_acc": 0.22806109241522132,
            "precision@k": 0.22526749503839846,
            "recall@k": 2.1868507430191098e-05,
            "mAP": 0.6128371920754669
        },
        "5": {
            "topk_acc": 0.9977672793165934,
            "precision@k": 0.5320994046078179,
            "recall@k": 8.609186884894955e-05,
            "mAP": 0.6128371920754669
        },
        "9": {
            "topk_acc": 0.9986733108982656,
            "precision@k": 0.7360931342940144,
            "recall@k": 0.0002143752454016157,
            "mAP": 0.6128371920754669
        }
    },
    "N_databowl": {
        "1": {
            "topk_acc": 0.967445152158528,
            "precision@k": 0.967445152158528,
            "recall@k": 0.0006851594562029237,
            "mAP": 0.9674885788828389
        },
        "3": {
            "topk_acc": 0.9851380042462845,
            "precision@k": 0.9594243925454117,
            "recall@k": 0.0020384370946432253,
            "mAP": 0.9674885788828389
        },
        "5": {
            "topk_acc": 0.9879688605803255,
            "precision@k": 0.9541401273885349,
            "recall@k": 0.0033786831706392882,
            "mAP": 0.9674885788828389
        },
        "9": {
            "topk_acc": 0.9943382873319179,
            "precision@k": 0.9472359833294015,
            "recall@k": 0.006037623123204401,
            "mAP": 0.9674885788828389
        }
    },
    "N_MoNuSAC": {
        "1": {
            "topk_acc": 0.9237002640444323,
            "precision@k": 0.9237002640444323,
            "recall@k": 0.0002808077141377949,
            "mAP": 0.9322833728243793
        },
        "3": {
            "topk_acc": 0.9738687061822817,
            "precision@k": 0.9165680293787368,
            "recall@k": 0.0008146033627358883,
            "mAP": 0.9322833728243793
        },
        "5": {
            "topk_acc": 0.9822452881726305,
            "precision@k": 0.9120094691796413,
            "recall@k": 0.0013243984574836316,
            "mAP": 0.9322833728243793
        },
        "9": {
            "topk_acc": 0.9888919238823637,
            "precision@k": 0.9042257225813631,
            "recall@k": 0.0022841410856454594,
            "mAP": 0.9322833728243793
        }
    },
    "N_CMP_15_17_and_TNBC": {
        "1": {
            "topk_acc": 0.6265856236786469,
            "precision@k": 0.6265856236786469,
            "recall@k": 0.00025680028868437735,
            "mAP": 0.6852690277463169
        },
        "3": {
            "topk_acc": 0.8349630021141649,
            "precision@k": 0.607514094432699,
            "recall@k": 0.0006988701529755864,
            "mAP": 0.6852690277463169
        },
        "5": {
            "topk_acc": 0.8934989429175476,