{
    "1": {
        "topk_acc": 0.4745816941456656,
        "precision@k": 0.4745816941456656,
        "recall@k": 0.0002209196774884609,
        "mAP": 0.5244927988758229
    },
    "3": {
        "topk_acc": 0.5920467634506129,
        "precision@k": 0.4641038767367969,
        "recall@k": 0.0006133848489307366,
        "mAP": 0.5244927988758229
    },
    "5": {
        "topk_acc": 0.6517308152443062,
        "precision@k": 0.45836750819361977,
        "recall@k": 0.000980448962147965,
        "mAP": 0.5244927988758229
    },
    "9": {
        "topk_acc": 0.7202817826200665,
        "precision@k": 0.4515888605103075,
        "recall@k": 0.0016681139305910991,
        "mAP": 0.5244927988758229
    }
}