{
    "1": {
        "topk_acc": 0.4685220323515828,
        "precision@k": 0.4685220323515828,
        "recall@k": 0.00023383396521376186,
        "mAP": 0.5180780853366944
    },
    "3": {
        "topk_acc": 0.5819862781212266,
        "precision@k": 0.4588445651306992,
        "recall@k": 0.0006508829271839061,
        "mAP": 0.5180780853366944
    },
    "5": {
        "topk_acc": 0.6407967147618703,
        "precision@k": 0.45318313088090445,
        "recall@k": 0.0010366386294905845,
        "mAP": 0.5180780853366944
    },
    "9": {
        "topk_acc": 0.7098011829973346,
        "precision@k": 0.4455919530955838,
        "recall@k": 0.0017603103688372597,
        "mAP": 0.5180780853366944
    }
}